<?xml version="1.0" encoding="UTF-8"?>
<project-private xmlns="http://www.netbeans.org/ns/project-private/1">
    <editor-bookmarks xmlns="http://www.netbeans.org/ns/editor-bookmarks/2" lastBookmarkId="0"/>
    <open-files xmlns="http://www.netbeans.org/ns/projectui-open-files/2">
        <group>
            <file>file:/C:/Users/blues/Desktop/ProjectileShooterV2-master/ProjectileShooterGeorge_sVersion/src/projectileshooter/AssetManager.java</file>
            <file>file:/C:/Users/blues/Desktop/ProjectileShooterV2-master/ProjectileShooterGeorge_sVersion/src/projectileshooter/Edge.java</file>
            <file>file:/C:/Users/blues/Desktop/ProjectileShooterV2-master/ProjectileShooterGeorge_sVersion/src/projectileshooter/AntiGravity.java</file>
            <file>file:/C:/Users/blues/Desktop/ProjectileShooterV2-master/ProjectileShooterGeorge_sVersion/src/projectileshooter/FXMLDocumentController.java</file>
            <file>file:/C:/Users/blues/Desktop/ProjectileShooterV2-master/ProjectileShooterGeorge_sVersion/src/projectileshooter/Projectile.java</file>
            <file>file:/C:/Users/blues/Desktop/ProjectileShooterV2-master/ProjectileShooterGeorge_sVersion/src/projectileshooter/Portal.java</file>
        </group>
    </open-files>
</project-private>
